timestamp_utc,run_id,scenario,iteration,workload,priority,slo_ms,success,error,selected_region,provider,scheduler_score,estimated_latency_ms,estimated_carbon_gco2,estimated_cost_usd,observed_end_to_end_ms,observed_slo_violation,worker_elapsed_ms,worker_cold_start,worker_simulated_delay_ms,alternatives_json
2026-05-26T03:59:34.406Z,20260526T035931Z,balanced_image_processing,1,image-compress,balanced,650,True,,gcp-us-central1,gcp,0.6763030303030303,122.0,0.078,2.0000000000000002e-07,109.46780000813305,False,81.5841100002217,False,80.0,"[{""region"":""gcp-us-central1"",""provider"":""gcp"",""score"":0.6763030303030303,""estimated_latency_ms"":122.0,""estimated_carbon_gco2"":0.078,""estimated_cost_usd"":2.0000000000000002e-07,""slo_violation_risk"":false,""components"":{""latency"":0.44363636363636366,""carbon"":1.0,""cost"":0.8,""cold_start"":0.6666666666666666}},{""region"":""azure-westus"",""provider"":""azure"",""score"":0.6987878787878788,""estimated_latency_ms"":177.5,""estimated_carbon_gco2"":0.039,""estimated_cost_usd"":2.5e-07,""slo_violation_risk"":false,""components"":{""latency"":0.6454545454545455,""carbon"":0.5,""cost"":1.0,""cold_start"":0.8333333333333334}},{""region"":""aws-us-east-1"",""provider"":""aws"",""score"":0.7316608391608391,""estimated_latency_ms"":158.0,""estimated_carbon_gco2"":0.06149999999999999,""estimated_cost_usd"":2.2e-07,""slo_violation_risk"":false,""components"":{""latency"":0.5745454545454546,""carbon"":0.7884615384615384,""cost"":0.88,""cold_start"":1.0}}]"
2026-05-26T03:59:34.444Z,20260526T035931Z,balanced_image_processing,2,image-compress,balanced,650,True,,gcp-us-central1,gcp,0.6763030303030303,122.0,0.078,2.0000000000000002e-07,121.85910000698641,False,81.15177800027595,False,80.0,"[{""region"":""gcp-us-central1"",""provider"":""gcp"",""score"":0.6763030303030303,""estimated_latency_ms"":122.0,""estimated_carbon_gco2"":0.078,""estimated_cost_usd"":2.0000000000000002e-07,""slo_violation_risk"":false,""components"":{""latency"":0.44363636363636366,""carbon"":1.0,""cost"":0.8,""cold_start"":0.6666666666666666}},{""region"":""azure-westus"",""provider"":""azure"",""score"":0.6987878787878788,""estimated_latency_ms"":177.5,""estimated_carbon_gco2"":0.039,""estimated_cost_usd"":2.5e-07,""slo_violation_risk"":false,""components"":{""latency"":0.6454545454545455,""carbon"":0.5,""cost"":1.0,""cold_start"":0.8333333333333334}},{""region"":""aws-us-east-1"",""provider"":""aws"",""score"":0.7316608391608391,""estimated_latency_ms"":158.0,""estimated_carbon_gco2"":0.06149999999999999,""estimated_cost_usd"":2.2e-07,""slo_violation_risk"":false,""components"":{""latency"":0.5745454545454546,""carbon"":0.7884615384615384,""cost"":0.88,""cold_start"":1.0}}]"
2026-05-26T03:59:34.516Z,20260526T035931Z,balanced_image_processing,3,image-compress,balanced,650,True,,gcp-us-central1,gcp,0.6763030303030303,122.0,0.078,2.0000000000000002e-07,110.13859999366105,False,80.21992100020725,False,80.0,"[{""region"":""gcp-us-central1"",""provider"":""gcp"",""score"":0.6763030303030303,""estimated_latency_ms"":122.0,""estimated_carbon_gco2"":0.078,""estimated_cost_usd"":2.0000000000000002e-07,""slo_violation_risk"":false,""components"":{""latency"":0.44363636363636366,""carbon"":1.0,""cost"":0.8,""cold_start"":0.6666666666666666}},{""region"":""azure-westus"",""provider"":""azure"",""score"":0.6987878787878788,""estimated_latency_ms"":177.5,""estimated_carbon_gco2"":0.039,""estimated_cost_usd"":2.5e-07,""slo_violation_risk"":false,""components"":{""latency"":0.6454545454545455,""carbon"":0.5,""cost"":1.0,""cold_start"":0.8333333333333334}},{""region"":""aws-us-east-1"",""provider"":""aws"",""score"":0.7316608391608391,""estimated_latency_ms"":158.0,""estimated_carbon_gco2"":0.06149999999999999,""estimated_cost_usd"":2.2e-07,""slo_violation_risk"":false,""components"":{""latency"":0.5745454545454546,""carbon"":0.7884615384615384,""cost"":0.88,""cold_start"":1.0}}]"
2026-05-26T03:59:34.565Z,20260526T035931Z,balanced_image_processing,4,image-compress,balanced,650,True,,gcp-us-central1,gcp,0.6763030303030303,122.0,0.078,2.0000000000000002e-07,107.55410001729615,False,80.31353099977423,False,80.0,"[{""region"":""gcp-us-central1"",""provider"":""gcp"",""score"":0.6763030303030303,""estimated_latency_ms"":122.0,""estimated_carbon_gco2"":0.078,""estimated_cost_usd"":2.0000000000000002e-07,""slo_violation_risk"":false,""components"":{""latency"":0.44363636363636366,""carbon"":1.0,""cost"":0.8,""cold_start"":0.6666666666666666}},{""region"":""azure-westus"",""provider"":""azure"",""score"":0.6987878787878788,""estimated_latency_ms"":177.5,""estimated_carbon_gco2"":0.039,""estimated_cost_usd"":2.5e-07,""slo_violation_risk"":false,""components"":{""latency"":0.6454545454545455,""carbon"":0.5,""cost"":1.0,""cold_start"":0.8333333333333334}},{""region"":""aws-us-east-1"",""provider"":""aws"",""score"":0.7316608391608391,""estimated_latency_ms"":158.0,""estimated_carbon_gco2"":0.06149999999999999,""estimated_cost_usd"":2.2e-07,""slo_violation_risk"":false,""components"":{""latency"":0.5745454545454546,""carbon"":0.7884615384615384,""cost"":0.88,""cold_start"":1.0}}]"
2026-05-26T03:59:34.627Z,20260526T035931Z,balanced_image_processing,5,image-compress,balanced,650,True,,gcp-us-central1,gcp,0.6763030303030303,122.0,0.078,2.0000000000000002e-07,128.3586999925319,False,80.25324599975647,False,80.0,"[{""region"":""gcp-us-central1"",""provider"":""gcp"",""score"":0.6763030303030303,""estimated_latency_ms"":122.0,""estimated_carbon_gco2"":0.078,""estimated_cost_usd"":2.0000000000000002e-07,""slo_violation_risk"":false,""components"":{""latency"":0.44363636363636366,""carbon"":1.0,""cost"":0.8,""cold_start"":0.6666666666666666}},{""region"":""azure-westus"",""provider"":""azure"",""score"":0.6987878787878788,""estimated_latency_ms"":177.5,""estimated_carbon_gco2"":0.039,""estimated_cost_usd"":2.5e-07,""slo_violation_risk"":false,""components"":{""latency"":0.6454545454545455,""carbon"":0.5,""cost"":1.0,""cold_start"":0.8333333333333334}},{""region"":""aws-us-east-1"",""provider"":""aws"",""score"":0.7316608391608391,""estimated_latency_ms"":158.0,""estimated_carbon_gco2"":0.06149999999999999,""estimated_cost_usd"":2.2e-07,""slo_violation_risk"":false,""components"":{""latency"":0.5745454545454546,""carbon"":0.7884615384615384,""cost"":0.88,""cold_start"":1.0}}]"
2026-05-26T03:59:34.674Z,20260526T035931Z,balanced_image_processing,6,image-compress,balanced,650,True,,gcp-us-central1,gcp,0.6763030303030303,122.0,0.078,2.0000000000000002e-07,241.87170001096092,False,200.28248900007384,True,200.0,"[{""region"":""gcp-us-central1"",""provider"":""gcp"",""score"":0.6763030303030303,""estimated_latency_ms"":122.0,""estimated_carbon_gco2"":0.078,""estimated_cost_usd"":2.0000000000000002e-07,""slo_violation_risk"":false,""components"":{""latency"":0.44363636363636366,""carbon"":1.0,""cost"":0.8,""cold_start"":0.6666666666666666}},{""region"":""azure-westus"",""provider"":""azure"",""score"":0.6987878787878788,""estimated_latency_ms"":177.5,""estimated_carbon_gco2"":0.039,""estimated_cost_usd"":2.5e-07,""slo_violation_risk"":false,""components"":{""latency"":0.6454545454545455,""carbon"":0.5,""cost"":1.0,""cold_start"":0.8333333333333334}},{""region"":""aws-us-east-1"",""provider"":""aws"",""score"":0.7316608391608391,""estimated_latency_ms"":158.0,""estimated_carbon_gco2"":0.06149999999999999,""estimated_cost_usd"":2.2e-07,""slo_violation_risk"":false,""components"":{""latency"":0.5745454545454546,""carbon"":0.7884615384615384,""cost"":0.88,""cold_start"":1.0}}]"
2026-05-26T03:59:34.755Z,20260526T035931Z,balanced_image_processing,7,image-compress,balanced,650,True,,gcp-us-central1,gcp,0.6763030303030303,122.0,0.078,2.0000000000000002e-07,241.74460000358522,False,80.16111299957629,False,80.0,"[{""region"":""gcp-us-central1"",""provider"":""gcp"",""score"":0.6763030303030303,""estimated_latency_ms"":122.0,""estimated_carbon_gco2"":0.078,""estimated_cost_usd"":2.0000000000000002e-07,""slo_violation_risk"":false,""components"":{""latency"":0.44363636363636366,""carbon"":1.0,""cost"":0.8,""cold_start"":0.6666666666666666}},{""region"":""azure-westus"",""provider"":""azure"",""score"":0.6987878787878788,""estimated_latency_ms"":177.5,""estimated_carbon_gco2"":0.039,""estimated_cost_usd"":2.5e-07,""slo_violation_risk"":false,""components"":{""latency"":0.6454545454545455,""carbon"":0.5,""cost"":1.0,""cold_start"":0.8333333333333334}},{""region"":""aws-us-east-1"",""provider"":""aws"",""score"":0.7316608391608391,""estimated_latency_ms"":158.0,""estimated_carbon_gco2"":0.06149999999999999,""estimated_cost_usd"":2.2e-07,""slo_violation_risk"":false,""components"":{""latency"":0.5745454545454546,""carbon"":0.7884615384615384,""cost"":0.88,""cold_start"":1.0}}]"
2026-05-26T03:59:34.916Z,20260526T035931Z,balanced_image_processing,8,image-compress,balanced,650,True,,gcp-us-central1,gcp,0.6763030303030303,122.0,0.078,2.0000000000000002e-07,107.66380000859499,False,80.19986299996162,False,80.0,"[{""region"":""gcp-us-central1"",""provider"":""gcp"",""score"":0.6763030303030303,""estimated_latency_ms"":122.0,""estimated_carbon_gco2"":0.078,""estimated_cost_usd"":2.0000000000000002e-07,""slo_violation_risk"":false,""components"":{""latency"":0.44363636363636366,""carbon"":1.0,""cost"":0.8,""cold_start"":0.6666666666666666}},{""region"":""azure-westus"",""provider"":""azure"",""score"":0.6987878787878788,""estimated_latency_ms"":177.5,""estimated_carbon_gco2"":0.039,""estimated_cost_usd"":2.5e-07,""slo_violation_risk"":false,""components"":{""latency"":0.6454545454545455,""carbon"":0.5,""cost"":1.0,""cold_start"":0.8333333333333334}},{""region"":""aws-us-east-1"",""provider"":""aws"",""score"":0.7316608391608391,""estimated_latency_ms"":158.0,""estimated_carbon_gco2"":0.06149999999999999,""estimated_cost_usd"":2.2e-07,""slo_violation_risk"":false,""components"":{""latency"":0.5745454545454546,""carbon"":0.7884615384615384,""cost"":0.88,""cold_start"":1.0}}]"
2026-05-26T03:59:34.997Z,20260526T035931Z,balanced_image_processing,9,image-compress,balanced,650,True,,gcp-us-central1,gcp,0.6763030303030303,122.0,0.078,2.0000000000000002e-07,227.31769998790696,False,200.21905299972786,True,200.0,"[{""region"":""gcp-us-central1"",""provider"":""gcp"",""score"":0.6763030303030303,""estimated_latency_ms"":122.0,""estimated_carbon_gco2"":0.078,""estimated_cost_usd"":2.0000000000000002e-07,""slo_violation_risk"":false,""components"":{""latency"":0.44363636363636366,""carbon"":1.0,""cost"":0.8,""cold_start"":0.6666666666666666}},{""region"":""azure-westus"",""provider"":""azure"",""score"":0.6987878787878788,""estimated_latency_ms"":177.5,""estimated_carbon_gco2"":0.039,""estimated_cost_usd"":2.5e-07,""slo_violation_risk"":false,""components"":{""latency"":0.6454545454545455,""carbon"":0.5,""cost"":1.0,""cold_start"":0.8333333333333334}},{""region"":""aws-us-east-1"",""provider"":""aws"",""score"":0.7316608391608391,""estimated_latency_ms"":158.0,""estimated_carbon_gco2"":0.06149999999999999,""estimated_cost_usd"":2.2e-07,""slo_violation_risk"":false,""components"":{""latency"":0.5745454545454546,""carbon"":0.7884615384615384,""cost"":0.88,""cold_start"":1.0}}]"
2026-05-26T03:59:35.023Z,20260526T035931Z,balanced_image_processing,10,image-compress,balanced,650,True,,gcp-us-central1,gcp,0.6763030303030303,122.0,0.078,2.0000000000000002e-07,403.84389998507686,False,200.44461099996624,True,200.0,"[{""region"":""gcp-us-central1"",""provider"":""gcp"",""score"":0.6763030303030303,""estimated_latency_ms"":122.0,""estimated_carbon_gco2"":0.078,""estimated_cost_usd"":2.0000000000000002e-07,""slo_violation_risk"":false,""components"":{""latency"":0.44363636363636366,""carbon"":1.0,""cost"":0.8,""cold_start"":0.6666666666666666}},{""region"":""azure-westus"",""provider"":""azure"",""score"":0.6987878787878788,""estimated_latency_ms"":177.5,""estimated_carbon_gco2"":0.039,""estimated_cost_usd"":2.5e-07,""slo_violation_risk"":false,""components"":{""latency"":0.6454545454545455,""carbon"":0.5,""cost"":1.0,""cold_start"":0.8333333333333334}},{""region"":""aws-us-east-1"",""provider"":""aws"",""score"":0.7316608391608391,""estimated_latency_ms"":158.0,""estimated_carbon_gco2"":0.06149999999999999,""estimated_cost_usd"":2.2e-07,""slo_violation_risk"":false,""components"":{""latency"":0.5745454545454546,""carbon"":0.7884615384615384,""cost"":0.88,""cold_start"":1.0}}]"
2026-05-26T03:59:32.777Z,20260526T035931Z,delay_tolerant_batch_text,1,text-classify,delay-tolerant,1200,True,,gcp-us-central1,gcp,0.6235224242424243,109.8,0.041600000000000005,2.0000000000000002e-07,113.84710000129417,False,80.26077400018039,False,80.0,"[{""region"":""gcp-us-central1"",""provider"":""gcp"",""score"":0.6235224242424243,""estimated_latency_ms"":109.8,""estimated_carbon_gco2"":0.041600000000000005,""estimated_cost_usd"":2.0000000000000002e-07,""slo_violation_risk"":false,""components"":{""latency"":0.3992727272727273,""carbon"":1.0,""cost"":0.8,""cold_start"":0.6666666666666666}},{""region"":""azure-westus"",""provider"":""azure"",""score"":0.636255303030303,""estimated_latency_ms"":159.75,""estimated_carbon_gco2"":0.020800000000000003,""estimated_cost_usd"":2.5e-07,""slo_violation_risk"":false,""components"":{""latency"":0.5809090909090909,""carbon"":0.5,""cost"":1.0,""cold_start"":0.8333333333333334}},{""region"":""aws-us-east-1"",""provider"":""aws"",""score"":0.6705159790209789,""estimated_latency_ms"":142.20000000000002,""estimated_carbon_gco2"":0.0328,""estimated_cost_usd"":2.2e-07,""slo_violation_risk"":false,""components"":{""latency"":0.5170909090909092,""carbon"":0.7884615384615384,""cost"":0.88,""cold_start"":1.0}}]"
2026-05-26T03:59:32.813Z,20260526T035931Z,delay_tolerant_batch_text,2,text-classify,delay-tolerant,1200,True,,gcp-us-central1,gcp,0.6235224242424243,109.8,0.041600000000000005,2.0000000000000002e-07,281.11310000531375,False,200.32285599972965,True,200.0,"[{""region"":""gcp-us-central1"",""provider"":""gcp"",""score"":0.6235224242424243,""estimated_latency_ms"":109.8,""estimated_carbon_gco2"":0.041600000000000005,""estimated_cost_usd"":2.0000000000000002e-07,""slo_violation_risk"":false,""components"":{""latency"":0.3992727272727273,""carbon"":1.0,""cost"":0.8,""cold_start"":0.6666666666666666}},{""region"":""azure-westus"",""provider"":""azure"",""score"":0.636255303030303,""estimated_latency_ms"":159.75,""estimated_carbon_gco2"":0.020800000000000003,""estimated_cost_usd"":2.5e-07,""slo_violation_risk"":false,""components"":{""latency"":0.5809090909090909,""carbon"":0.5,""cost"":1.0,""cold_start"":0.8333333333333334}},{""region"":""aws-us-east-1"",""provider"":""aws"",""score"":0.6705159790209789,""estimated_latency_ms"":142.20000000000002,""estimated_carbon_gco2"":0.0328,""estimated_cost_usd"":2.2e-07,""slo_violation_risk"":false,""components"":{""latency"":0.5170909090909092,""carbon"":0.7884615384615384,""cost"":0.88,""cold_start"":1.0}}]"
2026-05-26T03:59:32.891Z,20260526T035931Z,delay_tolerant_batch_text,3,text-classify,delay-tolerant,1200,True,,gcp-us-central1,gcp,0.6235224242424243,109.8,0.041600000000000005,2.0000000000000002e-07,285.2918000135105,False,80.20919399996274,False,80.0,"[{""region"":""gcp-us-central1"",""provider"":""gcp"",""score"":0.6235224242424243,""estimated_latency_ms"":109.8,""estimated_carbon_gco2"":0.041600000000000005,""estimated_cost_usd"":2.0000000000000002e-07,""slo_violation_risk"":false,""components"":{""latency"":0.3992727272727273,""carbon"":1.0,""cost"":0.8,""cold_start"":0.6666666666666666}},{""region"":""azure-westus"",""provider"":""azure"",""score"":0.636255303030303,""estimated_latency_ms"":159.75,""estimated_carbon_gco2"":0.020800000000000003,""estimated_cost_usd"":2.5e-07,""slo_violation_risk"":false,""components"":{""latency"":0.5809090909090909,""carbon"":0.5,""cost"":1.0,""cold_start"":0.8333333333333334}},{""region"":""aws-us-east-1"",""provider"":""aws"",""score"":0.6705159790209789,""estimated_latency_ms"":142.20000000000002,""estimated_carbon_gco2"":0.0328,""estimated_cost_usd"":2.2e-07,""slo_violation_risk"":false,""components"":{""latency"":0.5170909090909092,""carbon"":0.7884615384615384,""cost"":0.88,""cold_start"":1.0}}]"
2026-05-26T03:59:33.094Z,20260526T035931Z,delay_tolerant_batch_text,4,text-classify,delay-tolerant,1200,True,,gcp-us-central1,gcp,0.6235224242424243,109.8,0.041600000000000005,2.0000000000000002e-07,230.17309998976998,False,200.26175500015597,True,200.0,"[{""region"":""gcp-us-central1"",""provider"":""gcp"",""score"":0.6235224242424243,""estimated_latency_ms"":109.8,""estimated_carbon_gco2"":0.041600000000000005,""estimated_cost_usd"":2.0000000000000002e-07,""slo_violation_risk"":false,""components"":{""latency"":0.3992727272727273,""carbon"":1.0,""cost"":0.8,""cold_start"":0.6666666666666666}},{""region"":""azure-westus"",""provider"":""azure"",""score"":0.636255303030303,""estimated_latency_ms"":159.75,""estimated_carbon_gco2"":0.020800000000000003,""estimated_cost_usd"":2.5e-07,""slo_violation_risk"":false,""components"":{""latency"":0.5809090909090909,""carbon"":0.5,""cost"":1.0,""cold_start"":0.8333333333333334}},{""region"":""aws-us-east-1"",""provider"":""aws"",""score"":0.6705159790209789,""estimated_latency_ms"":142.20000000000002,""estimated_carbon_gco2"":0.0328,""estimated_cost_usd"":2.2e-07,""slo_violation_risk"":false,""components"":{""latency"":0.5170909090909092,""carbon"":0.7884615384615384,""cost"":0.88,""cold_start"":1.0}}]"
2026-05-26T03:59:33.176Z,20260526T035931Z,delay_tolerant_batch_text,5,text-classify,delay-tolerant,1200,True,,gcp-us-central1,gcp,0.6235224242424243,109.8,0.041600000000000005,2.0000000000000002e-07,108.50729999947362,False,80.27029699997001,False,80.0,"[{""region"":""gcp-us-central1"",""provider"":""gcp"",""score"":0.6235224242424243,""estimated_latency_ms"":109.8,""estimated_carbon_gco2"":0.041600000000000005,""estimated_cost_usd"":2.0000000000000002e-07,""slo_violation_risk"":false,""components"":{""latency"":0.3992727272727273,""carbon"":1.0,""cost"":0.8,""cold_start"":0.6666666666666666}},{""region"":""azure-westus"",""provider"":""azure"",""score"":0.636255303030303,""estimated_latency_ms"":159.75,""estimated_carbon_gco2"":0.020800000000000003,""estimated_cost_usd"":2.5e-07,""slo_violation_risk"":false,""components"":{""latency"":0.5809090909090909,""carbon"":0.5,""cost"":1.0,""cold_start"":0.8333333333333334}},{""region"":""aws-us-east-1"",""provider"":""aws"",""score"":0.6705159790209789,""estimated_latency_ms"":142.20000000000002,""estimated_carbon_gco2"":0.0328,""estimated_cost_usd"":2.2e-07,""slo_violation_risk"":false,""components"":{""latency"":0.5170909090909092,""carbon"":0.7884615384615384,""cost"":0.88,""cold_start"":1.0}}]"
2026-05-26T03:59:33.285Z,20260526T035931Z,delay_tolerant_batch_text,6,text-classify,delay-tolerant,1200,True,,gcp-us-central1,gcp,0.6235224242424243,109.8,0.041600000000000005,2.0000000000000002e-07,125.85320000653155,False,80.31046700034494,False,80.0,"[{""region"":""gcp-us-central1"",""provider"":""gcp"",""score"":0.6235224242424243,""estimated_latency_ms"":109.8,""estimated_carbon_gco2"":0.041600000000000005,""estimated_cost_usd"":2.0000000000000002e-07,""slo_violation_risk"":false,""components"":{""latency"":0.3992727272727273,""carbon"":1.0,""cost"":0.8,""cold_start"":0.6666666666666666}},{""region"":""azure-westus"",""provider"":""azure"",""score"":0.636255303030303,""estimated_latency_ms"":159.75,""estimated_carbon_gco2"":0.020800000000000003,""estimated_cost_usd"":2.5e-07,""slo_violation_risk"":false,""components"":{""latency"":0.5809090909090909,""carbon"":0.5,""cost"":1.0,""cold_start"":0.8333333333333334}},{""region"":""aws-us-east-1"",""provider"":""aws"",""score"":0.6705159790209789,""estimated_latency_ms"":142.20000000000002,""estimated_carbon_gco2"":0.0328,""estimated_cost_usd"":2.2e-07,""slo_violation_risk"":false,""components"":{""latency"":0.5170909090909092,""carbon"":0.7884615384615384,""cost"":0.88,""cold_start"":1.0}}]"
2026-05-26T03:59:33.325Z,20260526T035931Z,delay_tolerant_batch_text,7,text-classify,delay-tolerant,1200,True,,gcp-us-central1,gcp,0.6235224242424243,109.8,0.041600000000000005,2.0000000000000002e-07,169.19069999130443,False,80.23519000016677,False,80.0,"[{""region"":""gcp-us-central1"",""provider"":""gcp"",""score"":0.6235224242424243,""estimated_latency_ms"":109.8,""estimated_carbon_gco2"":0.041600000000000005,""estimated_cost_usd"":2.0000000000000002e-07,""slo_violation_risk"":false,""components"":{""latency"":0.3992727272727273,""carbon"":1.0,""cost"":0.8,""cold_start"":0.6666666666666666}},{""region"":""azure-westus"",""provider"":""azure"",""score"":0.636255303030303,""estimated_latency_ms"":159.75,""estimated_carbon_gco2"":0.020800000000000003,""estimated_cost_usd"":2.5e-07,""slo_violation_risk"":false,""components"":{""latency"":0.5809090909090909,""carbon"":0.5,""cost"":1.0,""cold_start"":0.8333333333333334}},{""region"":""aws-us-east-1"",""provider"":""aws"",""score"":0.6705159790209789,""estimated_latency_ms"":142.20000000000002,""estimated_carbon_gco2"":0.0328,""estimated_cost_usd"":2.2e-07,""slo_violation_risk"":false,""components"":{""latency"":0.5170909090909092,""carbon"":0.7884615384615384,""cost"":0.88,""cold_start"":1.0}}]"
2026-05-26T03:59:33.411Z,20260526T035931Z,delay_tolerant_batch_text,8,text-classify,delay-tolerant,1200,True,,gcp-us-central1,gcp,0.6235224242424243,109.8,0.041600000000000005,2.0000000000000002e-07,119.1662999917753,False,80.22608900000705,False,80.0,"[{""region"":""gcp-us-central1"",""provider"":""gcp"",""score"":0.6235224242424243,""estimated_latency_ms"":109.8,""estimated_carbon_gco2"":0.041600000000000005,""estimated_cost_usd"":2.0000000000000002e-07,""slo_violation_risk"":false,""components"":{""latency"":0.3992727272727273,""carbon"":1.0,""cost"":0.8,""cold_start"":0.6666666666666666}},{""region"":""azure-westus"",""provider"":""azure"",""score"":0.636255303030303,""estimated_latency_ms"":159.75,""estimated_carbon_gco2"":0.020800000000000003,""estimated_cost_usd"":2.5e-07,""slo_violation_risk"":false,""components"":{""latency"":0.5809090909090909,""carbon"":0.5,""cost"":1.0,""cold_start"":0.8333333333333334}},{""region"":""aws-us-east-1"",""provider"":""aws"",""score"":0.6705159790209789,""estimated_latency_ms"":142.20000000000002,""estimated_carbon_gco2"":0.0328,""estimated_cost_usd"":2.2e-07,""slo_violation_risk"":false,""components"":{""latency"":0.5170909090909092,""carbon"":0.7884615384615384,""cost"":0.88,""cold_start"":1.0}}]"
2026-05-26T03:59:33.494Z,20260526T035931Z,delay_tolerant_batch_text,9,text-classify,delay-tolerant,1200,True,,gcp-us-central1,gcp,0.6235224242424243,109.8,0.041600000000000005,2.0000000000000002e-07,124.9250000109896,False,80.28263699998206,False,80.0,"[{""region"":""gcp-us-central1"",""provider"":""gcp"",""score"":0.6235224242424243,""estimated_latency_ms"":109.8,""estimated_carbon_gco2"":0.041600000000000005,""estimated_cost_usd"":2.0000000000000002e-07,""slo_violation_risk"":false,""components"":{""latency"":0.3992727272727273,""carbon"":1.0,""cost"":0.8,""cold_start"":0.6666666666666666}},{""region"":""azure-westus"",""provider"":""azure"",""score"":0.636255303030303,""estimated_latency_ms"":159.75,""estimated_carbon_gco2"":0.020800000000000003,""estimated_cost_usd"":2.5e-07,""slo_violation_risk"":false,""components"":{""latency"":0.5809090909090909,""carbon"":0.5,""cost"":1.0,""cold_start"":0.8333333333333334}},{""region"":""aws-us-east-1"",""provider"":""aws"",""score"":0.6705159790209789,""estimated_latency_ms"":142.20000000000002,""estimated_carbon_gco2"":0.0328,""estimated_cost_usd"":2.2e-07,""slo_violation_risk"":false,""components"":{""latency"":0.5170909090909092,""carbon"":0.7884615384615384,""cost"":0.88,""cold_start"":1.0}}]"
2026-05-26T03:59:33.530Z,20260526T035931Z,delay_tolerant_batch_text,10,text-classify,delay-tolerant,1200,True,,gcp-us-central1,gcp,0.6235224242424243,109.8,0.041600000000000005,2.0000000000000002e-07,112.2886999801267,False,80.34072500004186,False,80.0,"[{""region"":""gcp-us-central1"",""provider"":""gcp"",""score"":0.6235224242424243,""estimated_latency_ms"":109.8,""estimated_carbon_gco2"":0.041600000000000005,""estimated_cost_usd"":2.0000000000000002e-07,""slo_violation_risk"":false,""components"":{""latency"":0.3992727272727273,""carbon"":1.0,""cost"":0.8,""cold_start"":0.6666666666666666}},{""region"":""azure-westus"",""provider"":""azure"",""score"":0.636255303030303,""estimated_latency_ms"":159.75,""estimated_carbon_gco2"":0.020800000000000003,""estimated_cost_usd"":2.5e-07,""slo_violation_risk"":false,""components"":{""latency"":0.5809090909090909,""carbon"":0.5,""cost"":1.0,""cold_start"":0.8333333333333334}},{""region"":""aws-us-east-1"",""provider"":""aws"",""score"":0.6705159790209789,""estimated_latency_ms"":142.20000000000002,""estimated_carbon_gco2"":0.0328,""estimated_cost_usd"":2.2e-07,""slo_violation_risk"":false,""components"":{""latency"":0.5170909090909092,""carbon"":0.7884615384615384,""cost"":0.88,""cold_start"":1.0}}]"
2026-05-26T03:59:31.831Z,20260526T035931Z,latency_critical_text,1,text-classify,latency-critical,450,True,,gcp-us-central1,gcp,0.7062484848484848,140.29999999999998,0.041600000000000005,2.0000000000000002e-07,141.40110000153072,False,80.32172699995499,False,80.0,"[{""region"":""gcp-us-central1"",""provider"":""gcp"",""score"":0.7062484848484848,""estimated_latency_ms"":140.29999999999998,""estimated_carbon_gco2"":0.041600000000000005,""estimated_cost_usd"":2.0000000000000002e-07,""slo_violation_risk"":false,""components"":{""latency"":0.5101818181818181,""carbon"":1.0,""cost"":0.8,""cold_start"":0.6666666666666666}},{""region"":""azure-westus"",""provider"":""azure"",""score"":0.7423560606060606,""estimated_latency_ms"":204.12499999999997,""estimated_carbon_gco2"":0.020800000000000003,""estimated_cost_usd"":2.5e-07,""slo_violation_risk"":false,""components"":{""latency"":0.7422727272727272,""carbon"":0.5,""cost"":1.0,""cold_start"":0.8333333333333334}},{""region"":""aws-us-east-1"",""provider"":""aws"",""score"":0.7704426573426573,""estimated_latency_ms"":181.7,""estimated_carbon_gco2"":0.0328,""estimated_cost_usd"":2.2e-07,""slo_violation_risk"":false,""components"":{""latency"":0.6607272727272727,""carbon"":0.7884615384615384,""cost"":0.88,""cold_start"":1.0}}]"
2026-05-26T03:59:31.832Z,20260526T035931Z,latency_critical_text,2,text-classify,latency-critical,450,True,,gcp-us-central1,gcp,0.7062484848484848,140.29999999999998,0.041600000000000005,2.0000000000000002e-07,257.87050000508316,False,200.30194499986465,True,200.0,"[{""region"":""gcp-us-central1"",""provider"":""gcp"",""score"":0.7062484848484848,""estimated_latency_ms"":140.29999999999998,""estimated_carbon_gco2"":0.041600000000000005,""estimated_cost_usd"":2.0000000000000002e-07,""slo_violation_risk"":false,""components"":{""latency"":0.5101818181818181,""carbon"":1.0,""cost"":0.8,""cold_start"":0.6666666666666666}},{""region"":""azure-westus"",""provider"":""azure"",""score"":0.7423560606060606,""estimated_latency_ms"":204.12499999999997,""estimated_carbon_gco2"":0.020800000000000003,""estimated_cost_usd"":2.5e-07,""slo_violation_risk"":false,""components"":{""latency"":0.7422727272727272,""carbon"":0.5,""cost"":1.0,""cold_start"":0.8333333333333334}},{""region"":""aws-us-east-1"",""provider"":""aws"",""score"":0.7704426573426573,""estimated_latency_ms"":181.7,""estimated_carbon_gco2"":0.0328,""estimated_cost_usd"":2.2e-07,""slo_violation_risk"":false,""components"":{""latency"":0.6607272727272727,""carbon"":0.7884615384615384,""cost"":0.88,""cold_start"":1.0}}]"
2026-05-26T03:59:31.972Z,20260526T035931Z,latency_critical_text,3,text-classify,latency-critical,450,True,,gcp-us-central1,gcp,0.7062484848484848,140.29999999999998,0.041600000000000005,2.0000000000000002e-07,242.12750000879169,False,200.3189580000253,True,200.0,"[{""region"":""gcp-us-central1"",""provider"":""gcp"",""score"":0.7062484848484848,""estimated_latency_ms"":140.29999999999998,""estimated_carbon_gco2"":0.041600000000000005,""estimated_cost_usd"":2.0000000000000002e-07,""slo_violation_risk"":false,""components"":{""latency"":0.5101818181818181,""carbon"":1.0,""cost"":0.8,""cold_start"":0.6666666666666666}},{""region"":""azure-westus"",""provider"":""azure"",""score"":0.7423560606060606,""estimated_latency_ms"":204.12499999999997,""estimated_carbon_gco2"":0.020800000000000003,""estimated_cost_usd"":2.5e-07,""slo_violation_risk"":false,""components"":{""latency"":0.7422727272727272,""carbon"":0.5,""cost"":1.0,""cold_start"":0.8333333333333334}},{""region"":""aws-us-east-1"",""provider"":""aws"",""score"":0.7704426573426573,""estimated_latency_ms"":181.7,""estimated_carbon_gco2"":0.0328,""estimated_cost_usd"":2.2e-07,""slo_violation_risk"":false,""components"":{""latency"":0.6607272727272727,""carbon"":0.7884615384615384,""cost"":0.88,""cold_start"":1.0}}]"
2026-05-26T03:59:32.090Z,20260526T035931Z,latency_critical_text,4,text-classify,latency-critical,450,True,,gcp-us-central1,gcp,0.7062484848484848,140.29999999999998,0.041600000000000005,2.0000000000000002e-07,204.5411999861244,False,80.16789100020105,False,80.0,"[{""region"":""gcp-us-central1"",""provider"":""gcp"",""score"":0.7062484848484848,""estimated_latency_ms"":140.29999999999998,""estimated_carbon_gco2"":0.041600000000000005,""estimated_cost_usd"":2.0000000000000002e-07,""slo_violation_risk"":false,""components"":{""latency"":0.5101818181818181,""carbon"":1.0,""cost"":0.8,""cold_start"":0.6666666666666666}},{""region"":""azure-westus"",""provider"":""azure"",""score"":0.7423560606060606,""estimated_latency_ms"":204.12499999999997,""estimated_carbon_gco2"":0.020800000000000003,""estimated_cost_usd"":2.5e-07,""slo_violation_risk"":false,""components"":{""latency"":0.7422727272727272,""carbon"":0.5,""cost"":1.0,""cold_start"":0.8333333333333334}},{""region"":""aws-us-east-1"",""provider"":""aws"",""score"":0.7704426573426573,""estimated_latency_ms"":181.7,""estimated_carbon_gco2"":0.0328,""estimated_cost_usd"":2.2e-07,""slo_violation_risk"":false,""components"":{""latency"":0.6607272727272727,""carbon"":0.7884615384615384,""cost"":0.88,""cold_start"":1.0}}]"
2026-05-26T03:59:32.215Z,20260526T035931Z,latency_critical_text,5,text-classify,latency-critical,450,True,,gcp-us-central1,gcp,0.7062484848484848,140.29999999999998,0.041600000000000005,2.0000000000000002e-07,162.15280001051724,False,80.32319299991286,False,80.0,"[{""region"":""gcp-us-central1"",""provider"":""gcp"",""score"":0.7062484848484848,""estimated_latency_ms"":140.29999999999998,""estimated_carbon_gco2"":0.041600000000000005,""estimated_cost_usd"":2.0000000000000002e-07,""slo_violation_risk"":false,""components"":{""latency"":0.5101818181818181,""carbon"":1.0,""cost"":0.8,""cold_start"":0.6666666666666666}},{""region"":""azure-westus"",""provider"":""azure"",""score"":0.7423560606060606,""estimated_latency_ms"":204.12499999999997,""estimated_carbon_gco2"":0.020800000000000003,""estimated_cost_usd"":2.5e-07,""slo_violation_risk"":false,""components"":{""latency"":0.7422727272727272,""carbon"":0.5,""cost"":1.0,""cold_start"":0.8333333333333334}},{""region"":""aws-us-east-1"",""provider"":""aws"",""score"":0.7704426573426573,""estimated_latency_ms"":181.7,""estimated_carbon_gco2"":0.0328,""estimated_cost_usd"":2.2e-07,""slo_violation_risk"":false,""components"":{""latency"":0.6607272727272727,""carbon"":0.7884615384615384,""cost"":0.88,""cold_start"":1.0}}]"
2026-05-26T03:59:32.295Z,20260526T035931Z,latency_critical_text,6,text-classify,latency-critical,450,True,,gcp-us-central1,gcp,0.7062484848484848,140.29999999999998,0.041600000000000005,2.0000000000000002e-07,283.9786999975331,False,200.19131700018988,True,200.0,"[{""region"":""gcp-us-central1"",""provider"":""gcp"",""score"":0.7062484848484848,""estimated_latency_ms"":140.29999999999998,""estimated_carbon_gco2"":0.041600000000000005,""estimated_cost_usd"":2.0000000000000002e-07,""slo_violation_risk"":false,""components"":{""latency"":0.5101818181818181,""carbon"":1.0,""cost"":0.8,""cold_start"":0.6666666666666666}},{""region"":""azure-westus"",""provider"":""azure"",""score"":0.7423560606060606,""estimated_latency_ms"":204.12499999999997,""estimated_carbon_gco2"":0.020800000000000003,""estimated_cost_usd"":2.5e-07,""slo_violation_risk"":false,""components"":{""latency"":0.7422727272727272,""carbon"":0.5,""cost"":1.0,""cold_start"":0.8333333333333334}},{""region"":""aws-us-east-1"",""provider"":""aws"",""score"":0.7704426573426573,""estimated_latency_ms"":181.7,""estimated_carbon_gco2"":0.0328,""estimated_cost_usd"":2.2e-07,""slo_violation_risk"":false,""components"":{""latency"":0.6607272727272727,""carbon"":0.7884615384615384,""cost"":0.88,""cold_start"":1.0}}]"
2026-05-26T03:59:32.378Z,20260526T035931Z,latency_critical_text,7,text-classify,latency-critical,450,True,,gcp-us-central1,gcp,0.7062484848484848,140.29999999999998,0.041600000000000005,2.0000000000000002e-07,283.6750000133179,False,80.2778029997171,False,80.0,"[{""region"":""gcp-us-central1"",""provider"":""gcp"",""score"":0.7062484848484848,""estimated_latency_ms"":140.29999999999998,""estimated_carbon_gco2"":0.041600000000000005,""estimated_cost_usd"":2.0000000000000002e-07,""slo_violation_risk"":false,""components"":{""latency"":0.5101818181818181,""carbon"":1.0,""cost"":0.8,""cold_start"":0.6666666666666666}},{""region"":""azure-westus"",""provider"":""azure"",""score"":0.7423560606060606,""estimated_latency_ms"":204.12499999999997,""estimated_carbon_gco2"":0.020800000000000003,""estimated_cost_usd"":2.5e-07,""slo_violation_risk"":false,""components"":{""latency"":0.7422727272727272,""carbon"":0.5,""cost"":1.0,""cold_start"":0.8333333333333334}},{""region"":""aws-us-east-1"",""provider"":""aws"",""score"":0.7704426573426573,""estimated_latency_ms"":181.7,""estimated_carbon_gco2"":0.0328,""estimated_cost_usd"":2.2e-07,""slo_violation_risk"":false,""components"":{""latency"":0.6607272727272727,""carbon"":0.7884615384615384,""cost"":0.88,""cold_start"":1.0}}]"
2026-05-26T03:59:32.579Z,20260526T035931Z,latency_critical_text,8,text-classify,latency-critical,450,True,,gcp-us-central1,gcp,0.7062484848484848,140.29999999999998,0.041600000000000005,2.0000000000000002e-07,116.3630000082776,False,80.21446900011142,False,80.0,"[{""region"":""gcp-us-central1"",""provider"":""gcp"",""score"":0.7062484848484848,""estimated_latency_ms"":140.29999999999998,""estimated_carbon_gco2"":0.041600000000000005,""estimated_cost_usd"":2.0000000000000002e-07,""slo_violation_risk"":false,""components"":{""latency"":0.5101818181818181,""carbon"":1.0,""cost"":0.8,""cold_start"":0.6666666666666666}},{""region"":""azure-westus"",""provider"":""azure"",""score"":0.7423560606060606,""estimated_latency_ms"":204.12499999999997,""estimated_carbon_gco2"":0.020800000000000003,""estimated_cost_usd"":2.5e-07,""slo_violation_risk"":false,""components"":{""latency"":0.7422727272727272,""carbon"":0.5,""cost"":1.0,""cold_start"":0.8333333333333334}},{""region"":""aws-us-east-1"",""provider"":""aws"",""score"":0.7704426573426573,""estimated_latency_ms"":181.7,""estimated_carbon_gco2"":0.0328,""estimated_cost_usd"":2.2e-07,""slo_violation_risk"":false,""components"":{""latency"":0.6607272727272727,""carbon"":0.7884615384615384,""cost"":0.88,""cold_start"":1.0}}]"
2026-05-26T03:59:32.661Z,20260526T035931Z,latency_critical_text,9,text-classify,latency-critical,450,True,,gcp-us-central1,gcp,0.7062484848484848,140.29999999999998,0.041600000000000005,2.0000000000000002e-07,115.51589998998679,False,80.21994299997459,False,80.0,"[{""region"":""gcp-us-central1"",""provider"":""gcp"",""score"":0.7062484848484848,""estimated_latency_ms"":140.29999999999998,""estimated_carbon_gco2"":0.041600000000000005,""estimated_cost_usd"":2.0000000000000002e-07,""slo_violation_risk"":false,""components"":{""latency"":0.5101818181818181,""carbon"":1.0,""cost"":0.8,""cold_start"":0.6666666666666666}},{""region"":""azure-westus"",""provider"":""azure"",""score"":0.7423560606060606,""estimated_latency_ms"":204.12499999999997,""estimated_carbon_gco2"":0.020800000000000003,""estimated_cost_usd"":2.5e-07,""slo_violation_risk"":false,""components"":{""latency"":0.7422727272727272,""carbon"":0.5,""cost"":1.0,""cold_start"":0.8333333333333334}},{""region"":""aws-us-east-1"",""provider"":""aws"",""score"":0.7704426573426573,""estimated_latency_ms"":181.7,""estimated_carbon_gco2"":0.0328,""estimated_cost_usd"":2.2e-07,""slo_violation_risk"":false,""components"":{""latency"":0.6607272727272727,""carbon"":0.7884615384615384,""cost"":0.88,""cold_start"":1.0}}]"
2026-05-26T03:59:32.695Z,20260526T035931Z,latency_critical_text,10,text-classify,latency-critical,450,True,,gcp-us-central1,gcp,0.7062484848484848,140.29999999999998,0.041600000000000005,2.0000000000000002e-07,117.79939997359179,False,80.25274600004195,False,80.0,"[{""region"":""gcp-us-central1"",""provider"":""gcp"",""score"":0.7062484848484848,""estimated_latency_ms"":140.29999999999998,""estimated_carbon_gco2"":0.041600000000000005,""estimated_cost_usd"":2.0000000000000002e-07,""slo_violation_risk"":false,""components"":{""latency"":0.5101818181818181,""carbon"":1.0,""cost"":0.8,""cold_start"":0.6666666666666666}},{""region"":""azure-westus"",""provider"":""azure"",""score"":0.7423560606060606,""estimated_latency_ms"":204.12499999999997,""estimated_carbon_gco2"":0.020800000000000003,""estimated_cost_usd"":2.5e-07,""slo_violation_risk"":false,""components"":{""latency"":0.7422727272727272,""carbon"":0.5,""cost"":1.0,""cold_start"":0.8333333333333334}},{""region"":""aws-us-east-1"",""provider"":""aws"",""score"":0.7704426573426573,""estimated_latency_ms"":181.7,""estimated_carbon_gco2"":0.0328,""estimated_cost_usd"":2.2e-07,""slo_violation_risk"":false,""components"":{""latency"":0.6607272727272727,""carbon"":0.7884615384615384,""cost"":0.88,""cold_start"":1.0}}]"
2026-05-26T03:59:35.224Z,20260526T035931Z,stream_aggregate_delay_tolerant,1,stream-aggregate,delay-tolerant,1000,True,,gcp-us-central1,gcp,0.6235224242424243,109.8,0.031200000000000002,2.0000000000000002e-07,285.3913999861106,False,80.41903999992428,False,80.0,"[{""region"":""gcp-us-central1"",""provider"":""gcp"",""score"":0.6235224242424243,""estimated_latency_ms"":109.8,""estimated_carbon_gco2"":0.031200000000000002,""estimated_cost_usd"":2.0000000000000002e-07,""slo_violation_risk"":false,""components"":{""latency"":0.3992727272727273,""carbon"":1.0,""cost"":0.8,""cold_start"":0.6666666666666666}},{""region"":""azure-westus"",""provider"":""azure"",""score"":0.636255303030303,""estimated_latency_ms"":159.75,""estimated_carbon_gco2"":0.015600000000000001,""estimated_cost_usd"":2.5e-07,""slo_violation_risk"":false,""components"":{""latency"":0.5809090909090909,""carbon"":0.5,""cost"":1.0,""cold_start"":0.8333333333333334}},{""region"":""aws-us-east-1"",""provider"":""aws"",""score"":0.6705159790209789,""estimated_latency_ms"":142.20000000000002,""estimated_carbon_gco2"":0.0246,""estimated_cost_usd"":2.2e-07,""slo_violation_risk"":false,""components"":{""latency"":0.5170909090909092,""carbon"":0.7884615384615384,""cost"":0.88,""cold_start"":1.0}}]"
2026-05-26T03:59:35.427Z,20260526T035931Z,stream_aggregate_delay_tolerant,2,stream-aggregate,delay-tolerant,1000,True,,gcp-us-central1,gcp,0.6235224242424243,109.8,0.031200000000000002,2.0000000000000002e-07,163.61809999216348,False,80.18680400027733,False,80.0,"[{""region"":""gcp-us-central1"",""provider"":""gcp"",""score"":0.6235224242424243,""estimated_latency_ms"":109.8,""estimated_carbon_gco2"":0.031200000000000002,""estimated_cost_usd"":2.0000000000000002e-07,""slo_violation_risk"":false,""components"":{""latency"":0.3992727272727273,""carbon"":1.0,""cost"":0.8,""cold_start"":0.6666666666666666}},{""region"":""azure-westus"",""provider"":""azure"",""score"":0.636255303030303,""estimated_latency_ms"":159.75,""estimated_carbon_gco2"":0.015600000000000001,""estimated_cost_usd"":2.5e-07,""slo_violation_risk"":false,""components"":{""latency"":0.5809090909090909,""carbon"":0.5,""cost"":1.0,""cold_start"":0.8333333333333334}},{""region"":""aws-us-east-1"",""provider"":""aws"",""score"":0.6705159790209789,""estimated_latency_ms"":142.20000000000002,""estimated_carbon_gco2"":0.0246,""estimated_cost_usd"":2.2e-07,""slo_violation_risk"":false,""components"":{""latency"":0.5170909090909092,""carbon"":0.7884615384615384,""cost"":0.88,""cold_start"":1.0}}]"
2026-05-26T03:59:35.510Z,20260526T035931Z,stream_aggregate_delay_tolerant,3,stream-aggregate,delay-tolerant,1000,True,,gcp-us-central1,gcp,0.6235224242424243,109.8,0.031200000000000002,2.0000000000000002e-07,116.30319998948835,False,80.59868600003028,False,80.0,"[{""region"":""gcp-us-central1"",""provider"":""gcp"",""score"":0.6235224242424243,""estimated_latency_ms"":109.8,""estimated_carbon_gco2"":0.031200000000000002,""estimated_cost_usd"":2.0000000000000002e-07,""slo_violation_risk"":false,""components"":{""latency"":0.3992727272727273,""carbon"":1.0,""cost"":0.8,""cold_start"":0.6666666666666666}},{""region"":""azure-westus"",""provider"":""azure"",""score"":0.636255303030303,""estimated_latency_ms"":159.75,""estimated_carbon_gco2"":0.015600000000000001,""estimated_cost_usd"":2.5e-07,""slo_violation_risk"":false,""components"":{""latency"":0.5809090909090909,""carbon"":0.5,""cost"":1.0,""cold_start"":0.8333333333333334}},{""region"":""aws-us-east-1"",""provider"":""aws"",""score"":0.6705159790209789,""estimated_latency_ms"":142.20000000000002,""estimated_carbon_gco2"":0.0246,""estimated_cost_usd"":2.2e-07,""slo_violation_risk"":false,""components"":{""latency"":0.5170909090909092,""carbon"":0.7884615384615384,""cost"":0.88,""cold_start"":1.0}}]"
2026-05-26T03:59:35.591Z,20260526T035931Z,stream_aggregate_delay_tolerant,4,stream-aggregate,delay-tolerant,1000,True,,gcp-us-central1,gcp,0.6235224242424243,109.8,0.031200000000000002,2.0000000000000002e-07,121.53760000364855,False,80.2624210000431,False,80.0,"[{""region"":""gcp-us-central1"",""provider"":""gcp"",""score"":0.6235224242424243,""estimated_latency_ms"":109.8,""estimated_carbon_gco2"":0.031200000000000002,""estimated_cost_usd"":2.0000000000000002e-07,""slo_violation_risk"":false,""components"":{""latency"":0.3992727272727273,""carbon"":1.0,""cost"":0.8,""cold_start"":0.6666666666666666}},{""region"":""azure-westus"",""provider"":""azure"",""score"":0.636255303030303,""estimated_latency_ms"":159.75,""estimated_carbon_gco2"":0.015600000000000001,""estimated_cost_usd"":2.5e-07,""slo_violation_risk"":false,""components"":{""latency"":0.5809090909090909,""carbon"":0.5,""cost"":1.0,""cold_start"":0.8333333333333334}},{""region"":""aws-us-east-1"",""provider"":""aws"",""score"":0.6705159790209789,""estimated_latency_ms"":142.20000000000002,""estimated_carbon_gco2"":0.0246,""estimated_cost_usd"":2.2e-07,""slo_violation_risk"":false,""components"":{""latency"":0.5170909090909092,""carbon"":0.7884615384615384,""cost"":0.88,""cold_start"":1.0}}]"
2026-05-26T03:59:35.627Z,20260526T035931Z,stream_aggregate_delay_tolerant,5,stream-aggregate,delay-tolerant,1000,True,,gcp-us-central1,gcp,0.6235224242424243,109.8,0.031200000000000002,2.0000000000000002e-07,126.33679999271408,False,80.26971500021318,False,80.0,"[{""region"":""gcp-us-central1"",""provider"":""gcp"",""score"":0.6235224242424243,""estimated_latency_ms"":109.8,""estimated_carbon_gco2"":0.031200000000000002,""estimated_cost_usd"":2.0000000000000002e-07,""slo_violation_risk"":false,""components"":{""latency"":0.3992727272727273,""carbon"":1.0,""cost"":0.8,""cold_start"":0.6666666666666666}},{""region"":""azure-westus"",""provider"":""azure"",""score"":0.636255303030303,""estimated_latency_ms"":159.75,""estimated_carbon_gco2"":0.015600000000000001,""estimated_cost_usd"":2.5e-07,""slo_violation_risk"":false,""components"":{""latency"":0.5809090909090909,""carbon"":0.5,""cost"":1.0,""cold_start"":0.8333333333333334}},{""region"":""aws-us-east-1"",""provider"":""aws"",""score"":0.6705159790209789,""estimated_latency_ms"":142.20000000000002,""estimated_carbon_gco2"":0.0246,""estimated_cost_usd"":2.2e-07,""slo_violation_risk"":false,""components"":{""latency"":0.5170909090909092,""carbon"":0.7884615384615384,""cost"":0.88,""cold_start"":1.0}}]"
2026-05-26T03:59:35.713Z,20260526T035931Z,stream_aggregate_delay_tolerant,6,stream-aggregate,delay-tolerant,1000,True,,gcp-us-central1,gcp,0.6235224242424243,109.8,0.031200000000000002,2.0000000000000002e-07,125.41700000292622,False,80.22070800006986,False,80.0,"[{""region"":""gcp-us-central1"",""provider"":""gcp"",""score"":0.6235224242424243,""estimated_latency_ms"":109.8,""estimated_carbon_gco2"":0.031200000000000002,""estimated_cost_usd"":2.0000000000000002e-07,""slo_violation_risk"":false,""components"":{""latency"":0.3992727272727273,""carbon"":1.0,""cost"":0.8,""cold_start"":0.6666666666666666}},{""region"":""azure-westus"",""provider"":""azure"",""score"":0.636255303030303,""estimated_latency_ms"":159.75,""estimated_carbon_gco2"":0.015600000000000001,""estimated_cost_usd"":2.5e-07,""slo_violation_risk"":false,""components"":{""latency"":0.5809090909090909,""carbon"":0.5,""cost"":1.0,""cold_start"":0.8333333333333334}},{""region"":""aws-us-east-1"",""provider"":""aws"",""score"":0.6705159790209789,""estimated_latency_ms"":142.20000000000002,""estimated_carbon_gco2"":0.0246,""estimated_cost_usd"":2.2e-07,""slo_violation_risk"":false,""components"":{""latency"":0.5170909090909092,""carbon"":0.7884615384615384,""cost"":0.88,""cold_start"":1.0}}]"
2026-05-26T03:59:35.754Z,20260526T035931Z,stream_aggregate_delay_tolerant,7,stream-aggregate,delay-tolerant,1000,True,,gcp-us-central1,gcp,0.6235224242424243,109.8,0.031200000000000002,2.0000000000000002e-07,106.42609998467378,False,80.1566529999036,False,80.0,"[{""region"":""gcp-us-central1"",""provider"":""gcp"",""score"":0.6235224242424243,""estimated_latency_ms"":109.8,""estimated_carbon_gco2"":0.031200000000000002,""estimated_cost_usd"":2.0000000000000002e-07,""slo_violation_risk"":false,""components"":{""latency"":0.3992727272727273,""carbon"":1.0,""cost"":0.8,""cold_start"":0.6666666666666666}},{""region"":""azure-westus"",""provider"":""azure"",""score"":0.636255303030303,""estimated_latency_ms"":159.75,""estimated_carbon_gco2"":0.015600000000000001,""estimated_cost_usd"":2.5e-07,""slo_violation_risk"":false,""components"":{""latency"":0.5809090909090909,""carbon"":0.5,""cost"":1.0,""cold_start"":0.8333333333333334}},{""region"":""aws-us-east-1"",""provider"":""aws"",""score"":0.6705159790209789,""estimated_latency_ms"":142.20000000000002,""estimated_carbon_gco2"":0.0246,""estimated_cost_usd"":2.2e-07,""slo_violation_risk"":false,""components"":{""latency"":0.5170909090909092,""carbon"":0.7884615384615384,""cost"":0.88,""cold_start"":1.0}}]"
2026-05-26T03:59:35.839Z,20260526T035931Z,stream_aggregate_delay_tolerant,8,stream-aggregate,delay-tolerant,1000,True,,gcp-us-central1,gcp,0.6235224242424243,109.8,0.031200000000000002,2.0000000000000002e-07,123.52359999204054,False,80.32909400026256,False,80.0,"[{""region"":""gcp-us-central1"",""provider"":""gcp"",""score"":0.6235224242424243,""estimated_latency_ms"":109.8,""estimated_carbon_gco2"":0.031200000000000002,""estimated_cost_usd"":2.0000000000000002e-07,""slo_violation_risk"":false,""components"":{""latency"":0.3992727272727273,""carbon"":1.0,""cost"":0.8,""cold_start"":0.6666666666666666}},{""region"":""azure-westus"",""provider"":""azure"",""score"":0.636255303030303,""estimated_latency_ms"":159.75,""estimated_carbon_gco2"":0.015600000000000001,""estimated_cost_usd"":2.5e-07,""slo_violation_risk"":false,""components"":{""latency"":0.5809090909090909,""carbon"":0.5,""cost"":1.0,""cold_start"":0.8333333333333334}},{""region"":""aws-us-east-1"",""provider"":""aws"",""score"":0.6705159790209789,""estimated_latency_ms"":142.20000000000002,""estimated_carbon_gco2"":0.0246,""estimated_cost_usd"":2.2e-07,""slo_violation_risk"":false,""components"":{""latency"":0.5170909090909092,""carbon"":0.7884615384615384,""cost"":0.88,""cold_start"":1.0}}]"
2026-05-26T03:59:35.860Z,20260526T035931Z,stream_aggregate_delay_tolerant,9,stream-aggregate,delay-tolerant,1000,True,,gcp-us-central1,gcp,0.6235224242424243,109.8,0.031200000000000002,2.0000000000000002e-07,118.43529998441227,False,80.19422100005613,False,80.0,"[{""region"":""gcp-us-central1"",""provider"":""gcp"",""score"":0.6235224242424243,""estimated_latency_ms"":109.8,""estimated_carbon_gco2"":0.031200000000000002,""estimated_cost_usd"":2.0000000000000002e-07,""slo_violation_risk"":false,""components"":{""latency"":0.3992727272727273,""carbon"":1.0,""cost"":0.8,""cold_start"":0.6666666666666666}},{""region"":""azure-westus"",""provider"":""azure"",""score"":0.636255303030303,""estimated_latency_ms"":159.75,""estimated_carbon_gco2"":0.015600000000000001,""estimated_cost_usd"":2.5e-07,""slo_violation_risk"":false,""components"":{""latency"":0.5809090909090909,""carbon"":0.5,""cost"":1.0,""cold_start"":0.8333333333333334}},{""region"":""aws-us-east-1"",""provider"":""aws"",""score"":0.6705159790209789,""estimated_latency_ms"":142.20000000000002,""estimated_carbon_gco2"":0.0246,""estimated_cost_usd"":2.2e-07,""slo_violation_risk"":false,""components"":{""latency"":0.5170909090909092,""carbon"":0.7884615384615384,""cost"":0.88,""cold_start"":1.0}}]"
2026-05-26T03:59:35.963Z,20260526T035931Z,stream_aggregate_delay_tolerant,10,stream-aggregate,delay-tolerant,1000,True,,gcp-us-central1,gcp,0.6235224242424243,109.8,0.031200000000000002,2.0000000000000002e-07,123.14769998192787,False,80.30509299987898,False,80.0,"[{""region"":""gcp-us-central1"",""provider"":""gcp"",""score"":0.6235224242424243,""estimated_latency_ms"":109.8,""estimated_carbon_gco2"":0.031200000000000002,""estimated_cost_usd"":2.0000000000000002e-07,""slo_violation_risk"":false,""components"":{""latency"":0.3992727272727273,""carbon"":1.0,""cost"":0.8,""cold_start"":0.6666666666666666}},{""region"":""azure-westus"",""provider"":""azure"",""score"":0.636255303030303,""estimated_latency_ms"":159.75,""estimated_carbon_gco2"":0.015600000000000001,""estimated_cost_usd"":2.5e-07,""slo_violation_risk"":false,""components"":{""latency"":0.5809090909090909,""carbon"":0.5,""cost"":1.0,""cold_start"":0.8333333333333334}},{""region"":""aws-us-east-1"",""provider"":""aws"",""score"":0.6705159790209789,""estimated_latency_ms"":142.20000000000002,""estimated_carbon_gco2"":0.0246,""estimated_cost_usd"":2.2e-07,""slo_violation_risk"":false,""components"":{""latency"":0.5170909090909092,""carbon"":0.7884615384615384,""cost"":0.88,""cold_start"":1.0}}]"
2026-05-26T03:59:33.619Z,20260526T035931Z,strict_ml_inference,1,ml-inference,latency-critical,180,True,,gcp-us-central1,gcp,0.7062484848484848,140.29999999999998,0.062400000000000004,2.0000000000000002e-07,232.25479997927323,True,201.0505970001759,True,200.0,"[{""region"":""gcp-us-central1"",""provider"":""gcp"",""score"":0.7062484848484848,""estimated_latency_ms"":140.29999999999998,""estimated_carbon_gco2"":0.062400000000000004,""estimated_cost_usd"":2.0000000000000002e-07,""slo_violation_risk"":false,""components"":{""latency"":0.5101818181818181,""carbon"":1.0,""cost"":0.8,""cold_start"":0.6666666666666666}},{""region"":""aws-us-east-1"",""provider"":""aws"",""score"":1.7798871017871016,""estimated_latency_ms"":181.7,""estimated_carbon_gco2"":0.0492,""estimated_cost_usd"":2.2e-07,""slo_violation_risk"":true,""components"":{""latency"":0.6607272727272727,""carbon"":0.7884615384615384,""cost"":0.88,""cold_start"":1.0}},{""region"":""azure-westus"",""provider"":""azure"",""score"":1.8763838383838383,""estimated_latency_ms"":204.12499999999997,""estimated_carbon_gco2"":0.031200000000000002,""estimated_cost_usd"":2.5e-07,""slo_violation_risk"":true,""components"":{""latency"":0.7422727272727272,""carbon"":0.5,""cost"":1.0,""cold_start"":0.8333333333333334}}]"
2026-05-26T03:59:33.643Z,20260526T035931Z,strict_ml_inference,2,ml-inference,latency-critical,180,True,,gcp-us-central1,gcp,0.7062484848484848,140.29999999999998,0.062400000000000004,2.0000000000000002e-07,289.5968000229914,True,80.46277799985546,False,80.0,"[{""region"":""gcp-us-central1"",""provider"":""gcp"",""score"":0.7062484848484848,""estimated_latency_ms"":140.29999999999998,""estimated_carbon_gco2"":0.062400000000000004,""estimated_cost_usd"":2.0000000000000002e-07,""slo_violation_risk"":false,""components"":{""latency"":0.5101818181818181,""carbon"":1.0,""cost"":0.8,""cold_start"":0.6666666666666666}},{""region"":""aws-us-east-1"",""provider"":""aws"",""score"":1.7798871017871016,""estimated_latency_ms"":181.7,""estimated_carbon_gco2"":0.0492,""estimated_cost_usd"":2.2e-07,""slo_violation_risk"":true,""components"":{""latency"":0.6607272727272727,""carbon"":0.7884615384615384,""cost"":0.88,""cold_start"":1.0}},{""region"":""azure-westus"",""provider"":""azure"",""score"":1.8763838383838383,""estimated_latency_ms"":204.12499999999997,""estimated_carbon_gco2"":0.031200000000000002,""estimated_cost_usd"":2.5e-07,""slo_violation_risk"":true,""components"":{""latency"":0.7422727272727272,""carbon"":0.5,""cost"":1.0,""cold_start"":0.8333333333333334}}]"
2026-05-26T03:59:33.852Z,20260526T035931Z,strict_ml_inference,3,ml-inference,latency-critical,180,True,,gcp-us-central1,gcp,0.7062484848484848,140.29999999999998,0.062400000000000004,2.0000000000000002e-07,122.85649997647852,False,80.6440759997713,False,80.0,"[{""region"":""gcp-us-central1"",""provider"":""gcp"",""score"":0.7062484848484848,""estimated_latency_ms"":140.29999999999998,""estimated_carbon_gco2"":0.062400000000000004,""estimated_cost_usd"":2.0000000000000002e-07,""slo_violation_risk"":false,""components"":{""latency"":0.5101818181818181,""carbon"":1.0,""cost"":0.8,""cold_start"":0.6666666666666666}},{""region"":""aws-us-east-1"",""provider"":""aws"",""score"":1.7798871017871016,""estimated_latency_ms"":181.7,""estimated_carbon_gco2"":0.0492,""estimated_cost_usd"":2.2e-07,""slo_violation_risk"":true,""components"":{""latency"":0.6607272727272727,""carbon"":0.7884615384615384,""cost"":0.88,""cold_start"":1.0}},{""region"":""azure-westus"",""provider"":""azure"",""score"":1.8763838383838383,""estimated_latency_ms"":204.12499999999997,""estimated_carbon_gco2"":0.031200000000000002,""estimated_cost_usd"":2.5e-07,""slo_violation_risk"":true,""components"":{""latency"":0.7422727272727272,""carbon"":0.5,""cost"":1.0,""cold_start"":0.8333333333333334}}]"
2026-05-26T03:59:33.933Z,20260526T035931Z,strict_ml_inference,4,ml-inference,latency-critical,180,True,,gcp-us-central1,gcp,0.7062484848484848,140.29999999999998,0.062400000000000004,2.0000000000000002e-07,124.81290000141598,False,80.49970000001849,False,80.0,"[{""region"":""gcp-us-central1"",""provider"":""gcp"",""score"":0.7062484848484848,""estimated_latency_ms"":140.29999999999998,""estimated_carbon_gco2"":0.062400000000000004,""estimated_cost_usd"":2.0000000000000002e-07,""slo_violation_risk"":false,""components"":{""latency"":0.5101818181818181,""carbon"":1.0,""cost"":0.8,""cold_start"":0.6666666666666666}},{""region"":""aws-us-east-1"",""provider"":""aws"",""score"":1.7798871017871016,""estimated_latency_ms"":181.7,""estimated_carbon_gco2"":0.0492,""estimated_cost_usd"":2.2e-07,""slo_violation_risk"":true,""components"":{""latency"":0.6607272727272727,""carbon"":0.7884615384615384,""cost"":0.88,""cold_start"":1.0}},{""region"":""azure-westus"",""provider"":""azure"",""score"":1.8763838383838383,""estimated_latency_ms"":204.12499999999997,""estimated_carbon_gco2"":0.031200000000000002,""estimated_cost_usd"":2.5e-07,""slo_violation_risk"":true,""components"":{""latency"":0.7422727272727272,""carbon"":0.5,""cost"":1.0,""cold_start"":0.8333333333333334}}]"
2026-05-26T03:59:33.975Z,20260526T035931Z,strict_ml_inference,5,ml-inference,latency-critical,180,True,,gcp-us-central1,gcp,0.7062484848484848,140.29999999999998,0.062400000000000004,2.0000000000000002e-07,116.04960000840947,False,80.39848400039773,False,80.0,"[{""region"":""gcp-us-central1"",""provider"":""gcp"",""score"":0.7062484848484848,""estimated_latency_ms"":140.29999999999998,""estimated_carbon_gco2"":0.062400000000000004,""estimated_cost_usd"":2.0000000000000002e-07,""slo_violation_risk"":false,""components"":{""latency"":0.5101818181818181,""carbon"":1.0,""cost"":0.8,""cold_start"":0.6666666666666666}},{""region"":""aws-us-east-1"",""provider"":""aws"",""score"":1.7798871017871016,""estimated_latency_ms"":181.7,""estimated_carbon_gco2"":0.0492,""estimated_cost_usd"":2.2e-07,""slo_violation_risk"":true,""components"":{""latency"":0.6607272727272727,""carbon"":0.7884615384615384,""cost"":0.88,""cold_start"":1.0}},{""region"":""azure-westus"",""provider"":""azure"",""score"":1.8763838383838383,""estimated_latency_ms"":204.12499999999997,""estimated_carbon_gco2"":0.031200000000000002,""estimated_cost_usd"":2.5e-07,""slo_violation_risk"":true,""components"":{""latency"":0.7422727272727272,""carbon"":0.5,""cost"":1.0,""cold_start"":0.8333333333333334}}]"
2026-05-26T03:59:34.058Z,20260526T035931Z,strict_ml_inference,6,ml-inference,latency-critical,180,True,,gcp-us-central1,gcp,0.7062484848484848,140.29999999999998,0.062400000000000004,2.0000000000000002e-07,157.1467999892775,False,80.18075400013913,False,80.0,"[{""region"":""gcp-us-central1"",""provider"":""gcp"",""score"":0.7062484848484848,""estimated_latency_ms"":140.29999999999998,""estimated_carbon_gco2"":0.062400000000000004,""estimated_cost_usd"":2.0000000000000002e-07,""slo_violation_risk"":false,""components"":{""latency"":0.5101818181818181,""carbon"":1.0,""cost"":0.8,""cold_start"":0.6666666666666666}},{""region"":""aws-us-east-1"",""provider"":""aws"",""score"":1.7798871017871016,""estimated_latency_ms"":181.7,""estimated_carbon_gco2"":0.0492,""estimated_cost_usd"":2.2e-07,""slo_violation_risk"":true,""components"":{""latency"":0.6607272727272727,""carbon"":0.7884615384615384,""cost"":0.88,""cold_start"":1.0}},{""region"":""azure-westus"",""provider"":""azure"",""score"":1.8763838383838383,""estimated_latency_ms"":204.12499999999997,""estimated_carbon_gco2"":0.031200000000000002,""estimated_cost_usd"":2.5e-07,""slo_violation_risk"":true,""components"":{""latency"":0.7422727272727272,""carbon"":0.5,""cost"":1.0,""cold_start"":0.8333333333333334}}]"
2026-05-26T03:59:34.091Z,20260526T035931Z,strict_ml_inference,7,ml-inference,latency-critical,180,True,,gcp-us-central1,gcp,0.7062484848484848,140.29999999999998,0.062400000000000004,2.0000000000000002e-07,126.91089999862015,False,80.4108190000079,False,80.0,"[{""region"":""gcp-us-central1"",""provider"":""gcp"",""score"":0.7062484848484848,""estimated_latency_ms"":140.29999999999998,""estimated_carbon_gco2"":0.062400000000000004,""estimated_cost_usd"":2.0000000000000002e-07,""slo_violation_risk"":false,""components"":{""latency"":0.5101818181818181,""carbon"":1.0,""cost"":0.8,""cold_start"":0.6666666666666666}},{""region"":""aws-us-east-1"",""provider"":""aws"",""score"":1.7798871017871016,""estimated_latency_ms"":181.7,""estimated_carbon_gco2"":0.0492,""estimated_cost_usd"":2.2e-07,""slo_violation_risk"":true,""components"":{""latency"":0.6607272727272727,""carbon"":0.7884615384615384,""cost"":0.88,""cold_start"":1.0}},{""region"":""azure-westus"",""provider"":""azure"",""score"":1.8763838383838383,""estimated_latency_ms"":204.12499999999997,""estimated_carbon_gco2"":0.031200000000000002,""estimated_cost_usd"":2.5e-07,""slo_violation_risk"":true,""components"":{""latency"":0.7422727272727272,""carbon"":0.5,""cost"":1.0,""cold_start"":0.8333333333333334}}]"
2026-05-26T03:59:34.216Z,20260526T035931Z,strict_ml_inference,8,ml-inference,latency-critical,180,True,,gcp-us-central1,gcp,0.7062484848484848,140.29999999999998,0.062400000000000004,2.0000000000000002e-07,109.62860001018271,False,80.31847400025072,False,80.0,"[{""region"":""gcp-us-central1"",""provider"":""gcp"",""score"":0.7062484848484848,""estimated_latency_ms"":140.29999999999998,""estimated_carbon_gco2"":0.062400000000000004,""estimated_cost_usd"":2.0000000000000002e-07,""slo_violation_risk"":false,""components"":{""latency"":0.5101818181818181,""carbon"":1.0,""cost"":0.8,""cold_start"":0.6666666666666666}},{""region"":""aws-us-east-1"",""provider"":""aws"",""score"":1.7798871017871016,""estimated_latency_ms"":181.7,""estimated_carbon_gco2"":0.0492,""estimated_cost_usd"":2.2e-07,""slo_violation_risk"":true,""components"":{""latency"":0.6607272727272727,""carbon"":0.7884615384615384,""cost"":0.88,""cold_start"":1.0}},{""region"":""azure-westus"",""provider"":""azure"",""score"":1.8763838383838383,""estimated_latency_ms"":204.12499999999997,""estimated_carbon_gco2"":0.031200000000000002,""estimated_cost_usd"":2.5e-07,""slo_violation_risk"":true,""components"":{""latency"":0.7422727272727272,""carbon"":0.5,""cost"":1.0,""cold_start"":0.8333333333333334}}]"
2026-05-26T03:59:34.218Z,20260526T035931Z,strict_ml_inference,9,ml-inference,latency-critical,180,True,,gcp-us-central1,gcp,0.7062484848484848,140.29999999999998,0.062400000000000004,2.0000000000000002e-07,188.21689998731017,True,80.31274600034521,False,80.0,"[{""region"":""gcp-us-central1"",""provider"":""gcp"",""score"":0.7062484848484848,""estimated_latency_ms"":140.29999999999998,""estimated_carbon_gco2"":0.062400000000000004,""estimated_cost_usd"":2.0000000000000002e-07,""slo_violation_risk"":false,""components"":{""latency"":0.5101818181818181,""carbon"":1.0,""cost"":0.8,""cold_start"":0.6666666666666666}},{""region"":""aws-us-east-1"",""provider"":""aws"",""score"":1.7798871017871016,""estimated_latency_ms"":181.7,""estimated_carbon_gco2"":0.0492,""estimated_cost_usd"":2.2e-07,""slo_violation_risk"":true,""components"":{""latency"":0.6607272727272727,""carbon"":0.7884615384615384,""cost"":0.88,""cold_start"":1.0}},{""region"":""azure-westus"",""provider"":""azure"",""score"":1.8763838383838383,""estimated_latency_ms"":204.12499999999997,""estimated_carbon_gco2"":0.031200000000000002,""estimated_cost_usd"":2.5e-07,""slo_violation_risk"":true,""components"":{""latency"":0.7422727272727272,""carbon"":0.5,""cost"":1.0,""cold_start"":0.8333333333333334}}]"
2026-05-26T03:59:34.325Z,20260526T035931Z,strict_ml_inference,10,ml-inference,latency-critical,180,True,,gcp-us-central1,gcp,0.7062484848484848,140.29999999999998,0.062400000000000004,2.0000000000000002e-07,118.22199999005534,False,80.22286899995379,False,80.0,"[{""region"":""gcp-us-central1"",""provider"":""gcp"",""score"":0.7062484848484848,""estimated_latency_ms"":140.29999999999998,""estimated_carbon_gco2"":0.062400000000000004,""estimated_cost_usd"":2.0000000000000002e-07,""slo_violation_risk"":false,""components"":{""latency"":0.5101818181818181,""carbon"":1.0,""cost"":0.8,""cold_start"":0.6666666666666666}},{""region"":""aws-us-east-1"",""provider"":""aws"",""score"":1.7798871017871016,""estimated_latency_ms"":181.7,""estimated_carbon_gco2"":0.0492,""estimated_cost_usd"":2.2e-07,""slo_violation_risk"":true,""components"":{""latency"":0.6607272727272727,""carbon"":0.7884615384615384,""cost"":0.88,""cold_start"":1.0}},{""region"":""azure-westus"",""provider"":""azure"",""score"":1.8763838383838383,""estimated_latency_ms"":204.12499999999997,""estimated_carbon_gco2"":0.031200000000000002,""estimated_cost_usd"":2.5e-07,""slo_violation_risk"":true,""components"":{""latency"":0.7422727272727272,""carbon"":0.5,""cost"":1.0,""cold_start"":0.8333333333333334}}]"
